route,source_file,render_mode,in_sitemap,orphan,word_count,has_offer,partner,code_present,code_is_text,code_in_server_html,has_disclosure,has_structured_data,has_visible_date,self_answers_in_raw_html,duplicate_cluster_id,notes
/,src/app//page.tsx,server-prerendered,no,no,738,yes,Moshy,REFERRAL120,yes,yes,yes,yes,no,,,
/about,src/app/about/page.tsx,server-prerendered,yes,no,824,no,,,,,yes,yes,no,,,
/activecampaign,src/app/activecampaign/page.tsx,server-prerendered,yes,no,819,no,,,,,yes,yes,no,,,
/affiliate-earnings-calculator,src/app/affiliate-earnings-calculator/page.tsx,server-prerendered,yes,no,743,no,,,,,no,yes,no,,,
/affiliate-partnerships,src/app/affiliate-partnerships/page.tsx,server-prerendered,no,yes,1208,no,,,,,no,yes,no,,,
/affiliate-programs-australia,src/app/affiliate-programs-australia/page.tsx,server-prerendered,yes,no,1939,no,,,,,yes,yes,no,,,
/affiliate-software-australia,src/app/affiliate-software-australia/page.tsx,server-prerendered,yes,no,1017,no,,,,,yes,yes,no,,,
/ai-sales-tools-quiz,src/app/ai-sales-tools-quiz/page.tsx,server-prerendered,yes,no,408,no,,,,,yes,yes,no,,,
/aisdr,src/app/aisdr/page.tsx,server-prerendered,yes,no,1559,no,,,,,yes,yes,no,,,
/alidrop,src/app/alidrop/page.tsx,server-prerendered,yes,no,1108,no,,,,,yes,yes,no,,,
/analytics,src/app/analytics/page.tsx,server-prerendered,no,yes,0,no,,,,,no,yes,no,,,under-300-words
/anker-solix,src/app/anker-solix/page.tsx,server-prerendered,yes,no,1219,no,,,,,yes,yes,no,,,
/api-guide,src/app/api-guide/page.tsx,server-prerendered,no,yes,0,no,,,,,no,yes,no,,,under-300-words
/apollo-energy-group,src/app/apollo-energy-group/page.tsx,server-prerendered,yes,no,3033,no,,,,,yes,yes,no,,,
/apollo-energy-group-eoi,src/app/apollo-energy-group-eoi/page.tsx,server-prerendered,no,yes,792,no,,,,,no,yes,no,,,
/apollo-energy-review,src/app/apollo-energy-review/page.tsx,server-prerendered,yes,no,1143,no,,,,,yes,yes,no,,,
/authors/jarred,UNKNOWN,server-prerendered,no,no,27,no,,,,,no,yes,no,,,under-300-words
/beautifulai,src/app/beautifulai/page.tsx,server-prerendered,yes,no,728,no,,,,,yes,yes,no,,,
/beehiiv,src/app/beehiiv/page.tsx,server-prerendered,yes,no,1583,no,,,,,yes,yes,no,,,
/best-ai-sales-tools,src/app/best-ai-sales-tools/page.tsx,server-prerendered,yes,no,1433,no,,,,,yes,yes,no,,,
/best-crm-small-business-australia,src/app/best-crm-small-business-australia/page.tsx,server-prerendered,yes,no,1084,no,,,,,yes,yes,no,,,
/best-hair-loss-treatment-australia,src/app/best-hair-loss-treatment-australia/page.tsx,server-prerendered,yes,no,1516,yes,Mosh,REFERAL55,yes,yes,yes,yes,yes,yes,,
/best-home-battery-australia,src/app/best-home-battery-australia/page.tsx,server-prerendered,no,no,1019,no,,,,,no,yes,yes,,,
/best-newsletter-platform,src/app/best-newsletter-platform/page.tsx,server-prerendered,yes,no,876,no,,,,,yes,yes,no,,,
/best-pet-insurance-australia,src/app/best-pet-insurance-australia/page.tsx,server-prerendered,yes,no,1951,yes,Knose; PetsOnMe,referlab2mf; REFERLABS,yes,yes,yes,yes,yes,yes,,
/best-website-builder,src/app/best-website-builder/page.tsx,server-prerendered,yes,no,1152,no,,,,,yes,yes,no,,,
/best-weight-loss-telehealth-australia,src/app/best-weight-loss-telehealth-australia/page.tsx,server-prerendered,yes,no,1584,yes,Moshy,REFERRAL120,yes,yes,yes,yes,yes,yes,,
/blinq,src/app/blinq/page.tsx,server-prerendered,yes,no,817,no,,,,,yes,yes,no,,,
/brevo,src/app/brevo/page.tsx,server-prerendered,yes,no,1311,no,,,,,yes,yes,no,,,
/business-line-of-credit-australia,src/app/business-line-of-credit-australia/page.tsx,server-prerendered,no,no,582,no,,,,,no,yes,yes,,,
/business-loan-calculator,src/app/business-loan-calculator/page.tsx,server-prerendered,no,no,348,no,,,,,no,yes,no,,,
/business-loan-eligibility-australia,src/app/business-loan-eligibility-australia/page.tsx,server-prerendered,no,no,458,no,,,,,no,yes,yes,,,
/business-loans,src/app/business-loans/page.tsx,server-prerendered,no,no,1782,no,,,,,no,yes,yes,,,
/business-loans-bad-credit-australia,src/app/business-loans-bad-credit-australia/page.tsx,server-prerendered,no,no,679,no,,,,,no,yes,yes,,,
/business-loans-hospitality-australia,src/app/business-loans-hospitality-australia/page.tsx,server-prerendered,no,no,600,no,,,,,no,yes,yes,,,
/business-loans-sole-traders-australia,src/app/business-loans-sole-traders-australia/page.tsx,server-prerendered,no,no,587,no,,,,,no,yes,yes,,,
/business-loans/lumi,UNKNOWN,server-prerendered,no,no,551,no,,,,,no,yes,no,,,
/business-loans/lumi/review,UNKNOWN,server-prerendered,no,no,687,no,,,,,no,yes,no,,,
/business-loans/moneytech,UNKNOWN,server-prerendered,no,no,542,no,,,,,no,yes,no,,,
/business-loans/moneytech/review,UNKNOWN,server-prerendered,no,no,649,no,,,,,no,yes,no,,,
/business-loans/moula,UNKNOWN,server-prerendered,no,no,541,no,,,,,no,yes,no,,,
/business-loans/moula/review,UNKNOWN,server-prerendered,no,no,628,no,,,,,no,yes,no,,,
/business-loans/prospa,UNKNOWN,server-prerendered,no,no,541,no,,,,,no,yes,no,,,
/business-loans/prospa/review,UNKNOWN,server-prerendered,no,no,682,no,,,,,no,yes,no,,,
/business-loans/shift,UNKNOWN,server-prerendered,no,no,581,no,,,,,no,yes,no,,,
/business-loans/shift/review,UNKNOWN,server-prerendered,no,no,688,no,,,,,no,yes,no,,,
/business-software,src/app/business-software/page.tsx,server-prerendered,yes,no,1151,no,,,,,yes,yes,no,,,
/butternut,src/app/butternut/page.tsx,server-prerendered,yes,no,1737,no,,,,,yes,yes,no,,,
/calendly,src/app/calendly/page.tsx,server-prerendered,no,yes,0,no,,,,,no,yes,no,,,under-300-words
/capsule,src/app/capsule/page.tsx,server-prerendered,yes,no,811,no,,,,,yes,yes,no,,,
/carrd,src/app/carrd/page.tsx,server-prerendered,yes,no,1474,no,,,,,yes,yes,no,,,
/carrd-vs-butternut,src/app/carrd-vs-butternut/page.tsx,server-prerendered,yes,no,1665,no,,,,,yes,yes,no,,,
/carrd-vs-durable,src/app/carrd-vs-durable/page.tsx,server-prerendered,yes,no,594,no,,,,,yes,yes,no,,,
/case-studies,src/app/case-studies/page.tsx,server-prerendered,no,no,3,no,,,,,no,yes,no,,,under-300-words
/cheapest-weight-loss-telehealth-australia,src/app/cheapest-weight-loss-telehealth-australia/page.tsx,server-prerendered,yes,no,1585,no,,,,,yes,yes,yes,,,
/cloudtalk,src/app/cloudtalk/page.tsx,server-prerendered,no,yes,834,no,,,,,yes,yes,no,,,
/coming-soon,src/app/coming-soon/page.tsx,server-prerendered,yes,no,580,no,,,,,no,yes,no,,,
/compare-business-lenders/lumi-vs-moula,UNKNOWN,server-prerendered,no,no,475,no,,,,,no,yes,no,,,
/compare-business-lenders/prospa-vs-lumi,UNKNOWN,server-prerendered,no,no,503,no,,,,,no,yes,no,,,
/compare-business-lenders/prospa-vs-moula,UNKNOWN,server-prerendered,no,no,494,no,,,,,no,yes,no,,,
/compare/ai-sales-tools,UNKNOWN,server-prerendered,no,no,836,no,,,,,yes,yes,no,,,
/compare/ai-tools,UNKNOWN,server-prerendered,no,no,615,no,,,,,yes,yes,no,,,
/compare/business-phone,UNKNOWN,server-prerendered,no,no,482,no,,,,,yes,yes,no,,,
/compare/hr-payroll,UNKNOWN,server-prerendered,no,no,497,no,,,,,yes,yes,no,,,
/compare/lead-generation,UNKNOWN,server-prerendered,no,no,486,no,,,,,yes,yes,no,,,
/compare/newsletter-platforms,UNKNOWN,server-prerendered,no,no,377,no,,,,,yes,yes,no,,,
/compare/payments,UNKNOWN,server-prerendered,no,no,648,no,,,,,yes,yes,no,,,
/compare/sales-outreach,UNKNOWN,server-prerendered,no,no,524,no,,,,,yes,yes,no,,,
/compare/website-builders,UNKNOWN,server-prerendered,no,no,597,no,,,,,yes,yes,no,,,
/contact,src/app/contact/page.tsx,server-prerendered,yes,no,211,no,,,,,no,yes,no,,,under-300-words
/data,src/app/data/page.tsx,server-prerendered,yes,no,712,yes,Moshy,REFERRAL120,yes,yes,no,yes,no,,,
/databox,src/app/databox/page.tsx,server-prerendered,yes,no,1224,no,,,,,yes,yes,no,,,
/deals,src/app/deals/page.tsx,server-prerendered,yes,no,1001,yes,Knose; Mosh; Moshy; PetsOnMe,REFERRAL120; REFERAL55; referlab2mf; REFERLABS,yes,yes,yes,yes,no,yes,,
/dense,src/app/dense/page.tsx,server-prerendered,yes,no,884,no,,,,,yes,yes,no,,,
/dext,src/app/dext/page.tsx,server-prerendered,yes,no,762,no,,,,,yes,yes,no,,,
/disclaimer,src/app/disclaimer/page.tsx,server-prerendered,yes,no,994,no,,,,,yes,yes,yes,,,
/durable-vs-butternut,src/app/durable-vs-butternut/page.tsx,server-prerendered,yes,no,1625,no,,,,,yes,yes,no,,,
/durableai,src/app/durableai/page.tsx,server-prerendered,yes,no,1678,no,,,,,yes,yes,no,,,
/early-signs-of-hair-loss-australia,src/app/early-signs-of-hair-loss-australia/page.tsx,server-prerendered,no,no,961,no,,,,,no,yes,yes,,,
/ecoflow,src/app/ecoflow/page.tsx,server-prerendered,yes,no,1207,no,,,,,yes,yes,no,,,
/ecoflow-vs-anker-solix,src/app/ecoflow-vs-anker-solix/page.tsx,server-prerendered,yes,no,1328,no,,,,,yes,yes,yes,,,
/elevenlabs,src/app/elevenlabs/page.tsx,server-prerendered,yes,no,766,no,,,,,yes,yes,no,,,
/employmenthero,src/app/employmenthero/page.tsx,server-prerendered,yes,no,1623,no,,,,,yes,yes,no,,,
/equipment-finance-instant-asset-write-off,src/app/equipment-finance-instant-asset-write-off/page.tsx,server-prerendered,no,no,630,no,,,,,no,yes,no,,,
/faq,src/app/faq/page.tsx,client,yes,yes,565,no,,,,,yes,yes,no,,,
/fast-business-loans-australia,src/app/fast-business-loans-australia/page.tsx,server-prerendered,no,no,599,no,,,,,no,yes,yes,,,
/flexiquiz,src/app/flexiquiz/page.tsx,server-prerendered,yes,no,784,no,,,,,yes,yes,no,,,
/for-business,src/app/for-business/page.tsx,server-prerendered,yes,no,256,no,,,,,no,yes,no,,,under-300-words
/fullenrich,src/app/fullenrich/page.tsx,server-prerendered,yes,no,1693,no,,,,,yes,yes,no,,,
/go-live,src/app/go-live/page.tsx,server-prerendered,no,yes,0,no,,,,,no,yes,no,,,under-300-words
/gohighlevel,src/app/gohighlevel/page.tsx,server-prerendered,yes,no,1668,no,,,,,yes,yes,no,,,
/gtm,src/app/gtm/page.tsx,server-prerendered,no,yes,0,no,,,,,no,yes,no,,,under-300-words
/guides,src/app/guides/page.tsx,server-prerendered,yes,no,2479,yes,Moshy; PetsOnMe,REFERRAL120; REFERLABS,yes,yes,yes,yes,no,,,
/hair-loss,src/app/hair-loss/page.tsx,server-prerendered,yes,no,804,yes,Mosh,REFERAL55,yes,yes,yes,yes,no,,,
/hair-loss-quiz,src/app/hair-loss-quiz/page.tsx,server-prerendered,yes,no,458,no,,,,,yes,yes,no,,,
/hair-loss-treatment-cost-australia,src/app/hair-loss-treatment-cost-australia/page.tsx,server-prerendered,yes,no,1357,no,,,,,yes,yes,yes,,,
/hellobar,src/app/hellobar/page.tsx,server-prerendered,yes,no,834,no,,,,,yes,yes,no,,,
/high-paying-affiliate-programs,src/app/high-paying-affiliate-programs/page.tsx,server-prerendered,yes,no,1092,no,,,,,no,yes,no,,,
/home-battery-blackout-backup-australia,src/app/home-battery-blackout-backup-australia/page.tsx,server-prerendered,no,no,1039,no,,,,,no,yes,yes,,,
/home-battery-cost-australia,src/app/home-battery-cost-australia/page.tsx,server-prerendered,yes,no,1450,no,,,,,yes,yes,yes,,,
/home-battery-installer-nsw,src/app/home-battery-installer-nsw/page.tsx,server-prerendered,no,no,915,no,,,,,no,yes,yes,,,
/home-battery-installer-sydney,src/app/home-battery-installer-sydney/page.tsx,server-prerendered,no,no,938,no,,,,,no,yes,yes,,,
/home-battery-payback-calculator,src/app/home-battery-payback-calculator/page.tsx,server-prerendered,yes,no,1058,no,,,,,yes,yes,no,,,
/home-battery-rebate-australia,src/app/home-battery-rebate-australia/page.tsx,server-prerendered,yes,no,1643,no,,,,,yes,yes,no,,,
/home-battery-rebate-by-state-australia,src/app/home-battery-rebate-by-state-australia/page.tsx,server-prerendered,yes,no,1451,no,,,,,yes,yes,no,,,
/how-to-get-a-business-loan-australia,src/app/how-to-get-a-business-loan-australia/page.tsx,server-prerendered,no,no,482,no,,,,,no,yes,yes,,,
/how-to-start-affiliate-marketing-australia,src/app/how-to-start-affiliate-marketing-australia/page.tsx,server-prerendered,yes,no,1465,no,,,,,no,yes,no,,,
/how-to-stop-hair-loss-australia,src/app/how-to-stop-hair-loss-australia/page.tsx,server-prerendered,no,no,976,no,,,,,no,yes,yes,,,
/how-we-make-money,src/app/how-we-make-money/page.tsx,server-prerendered,yes,no,171,no,,,,,no,yes,no,,,under-300-words
/hubspot,src/app/hubspot/page.tsx,server-prerendered,no,yes,0,no,,,,,no,yes,no,,,under-300-words
/instapage,src/app/instapage/page.tsx,server-prerendered,no,yes,739,no,,,,,yes,yes,no,,,
/is-a-home-battery-worth-it-australia,src/app/is-a-home-battery-worth-it-australia/page.tsx,server-prerendered,no,no,998,no,,,,,no,yes,yes,,,
/juniper,src/app/juniper/page.tsx,server-prerendered,yes,no,1764,no,,,,,yes,yes,no,,,
/keap,src/app/keap/page.tsx,server-prerendered,yes,no,801,no,,,,,yes,yes,no,,,
/klaviyo,src/app/klaviyo/page.tsx,server-prerendered,no,yes,0,no,,,,,no,yes,no,,,under-300-words
/knose,src/app/knose/page.tsx,server-prerendered,yes,no,651,yes,Knose,referlab2mf,yes,yes,yes,yes,yes,yes,,
/knose-vs-petsonme,src/app/knose-vs-petsonme/page.tsx,server-prerendered,yes,no,1225,yes,Knose; PetsOnMe,referlab2mf; REFERLABS,yes,yes,yes,yes,yes,,,
/krispcall,src/app/krispcall/page.tsx,server-prerendered,yes,no,647,no,,,,,yes,yes,no,,,
/landingi,src/app/landingi/page.tsx,server-prerendered,yes,no,813,no,,,,,yes,yes,no,,,
/lead-hacking,src/app/lead-hacking/page.tsx,server-prerendered,no,yes,865,no,,,,,no,yes,no,,,
/leadpages,src/app/leadpages/page.tsx,server-prerendered,yes,no,1119,no,,,,,yes,yes,no,,,
/lindy,src/app/lindy/page.tsx,server-prerendered,yes,no,750,no,,,,,yes,yes,no,,,
/linkedin-growth,src/app/linkedin-growth/page.tsx,server-prerendered,no,yes,1485,no,,,,,no,yes,no,,,
/linkedin-influencer,src/app/linkedin-influencer/page.tsx,server-prerendered,no,yes,1612,no,,,,,no,yes,no,,,
/longevity,src/app/longevity/page.tsx,server-prerendered,yes,no,511,no,,,,,no,yes,no,,,
/longevity/diagnostics,src/app/longevity/diagnostics/page.tsx,server-prerendered,yes,no,568,no,,,,,no,yes,no,,,
/longevity/diagnostics/biological-age-testing-australia,src/app/longevity/diagnostics/biological-age-testing-australia/page.tsx,server-prerendered,yes,no,887,no,,,,,no,yes,yes,,,
/longevity/diagnostics/cgm-for-non-diabetics-australia,src/app/longevity/diagnostics/cgm-for-non-diabetics-australia/page.tsx,server-prerendered,yes,no,888,no,,,,,no,yes,yes,,,
/longevity/diagnostics/everlab-vs-prenuvo-vs-i-screen-australia,src/app/longevity/diagnostics/everlab-vs-prenuvo-vs-i-screen-australia/page.tsx,server-prerendered,yes,no,957,no,,,,,no,yes,yes,,,
/longevity/diagnostics/health-screening-quiz,src/app/longevity/diagnostics/health-screening-quiz/page.tsx,server-prerendered,yes,no,288,no,,,,,no,yes,no,,,under-300-words
/longevity/diagnostics/whole-body-mri-australia-cost,src/app/longevity/diagnostics/whole-body-mri-australia-cost/page.tsx,server-prerendered,yes,no,1012,no,,,,,no,yes,yes,,,
/longevity/recovery,src/app/longevity/recovery/page.tsx,server-prerendered,yes,no,530,no,,,,,no,yes,no,,,
/longevity/recovery/contrast-therapy-what-the-evidence-says,src/app/longevity/recovery/contrast-therapy-what-the-evidence-says/page.tsx,server-prerendered,yes,no,913,no,,,,,no,yes,yes,,,
/longevity/recovery/home-sauna-cost-australia,src/app/longevity/recovery/home-sauna-cost-australia/page.tsx,server-prerendered,yes,no,932,no,,,,,no,yes,yes,,,
/longevity/recovery/ice-bath-comparison-australia,src/app/longevity/recovery/ice-bath-comparison-australia/page.tsx,server-prerendered,yes,no,925,no,,,,,no,yes,yes,,,
/longevity/recovery/ice-bath-running-costs-australia,src/app/longevity/recovery/ice-bath-running-costs-australia/page.tsx,server-prerendered,yes,no,1201,no,,,,,no,yes,yes,,,
/longevity/recovery/infrared-vs-traditional-sauna-australia,src/app/longevity/recovery/infrared-vs-traditional-sauna-australia/page.tsx,server-prerendered,yes,no,865,no,,,,,no,yes,yes,,,
/longevity/recovery/recovery-setup-quiz,src/app/longevity/recovery/recovery-setup-quiz/page.tsx,server-prerendered,yes,no,263,no,,,,,no,yes,no,,,under-300-words
/longevity/supplements/longevity-supplements-evidence-review,src/app/longevity/supplements/longevity-supplements-evidence-review/page.tsx,server-prerendered,yes,no,981,no,,,,,no,yes,yes,,,
/low-doc-business-loans-australia,src/app/low-doc-business-loans-australia/page.tsx,server-prerendered,no,no,619,no,,,,,no,yes,yes,,,
/mailchimp,src/app/mailchimp/page.tsx,server-prerendered,no,yes,0,no,,,,,no,yes,no,,,under-300-words
/make,src/app/make/page.tsx,server-prerendered,no,yes,0,no,,,,,no,yes,no,,,under-300-words
/mens-health,src/app/mens-health/page.tsx,server-prerendered,yes,no,826,no,,,,,yes,yes,no,,,
/mens-health-telehealth-australia,src/app/mens-health-telehealth-australia/page.tsx,server-prerendered,yes,no,571,no,,,,,yes,yes,no,,,
/mens-health/erectile-dysfunction-treatment-cost-australia,src/app/mens-health/erectile-dysfunction-treatment-cost-australia/page.tsx,server-prerendered,yes,no,1068,no,,,,,yes,yes,yes,,,
/mens-health/is-telehealth-or-a-gp-cheaper-for-mens-health,src/app/mens-health/is-telehealth-or-a-gp-cheaper-for-mens-health/page.tsx,server-prerendered,yes,no,998,no,,,,,yes,yes,yes,,,
/mens-health/mens-health-quiz,src/app/mens-health/mens-health-quiz/page.tsx,server-prerendered,yes,no,398,no,,,,,yes,yes,no,,,
/mens-health/online-doctor-medical-certificate-australia,src/app/mens-health/online-doctor-medical-certificate-australia/page.tsx,server-prerendered,yes,no,1304,no,,,,,yes,yes,no,,,
/mens-health/online-mens-health-clinics-compared,src/app/mens-health/online-mens-health-clinics-compared/page.tsx,server-prerendered,yes,no,1056,no,,,,,yes,yes,yes,,,
/mens-health/online-prescription-australia,src/app/mens-health/online-prescription-australia/page.tsx,server-prerendered,yes,no,1568,no,,,,,yes,yes,no,,,
/mens-health/premature-ejaculation-treatment-options-australia,src/app/mens-health/premature-ejaculation-treatment-options-australia/page.tsx,server-prerendered,yes,no,1024,no,,,,,yes,yes,yes,,,
/mens-health/sexual-wellness-products,src/app/mens-health/sexual-wellness-products/page.tsx,server-prerendered,yes,no,790,no,,,,,yes,yes,no,,,
/meta-ads,src/app/meta-ads/page.tsx,server-prerendered,no,yes,0,no,,,,,no,yes,no,,,under-300-words
/midoc,src/app/midoc/page.tsx,server-prerendered,yes,no,1095,no,,,,,yes,yes,yes,,,
/mosh-review,src/app/mosh-review/page.tsx,server-prerendered,yes,no,1155,yes,Mosh,REFERAL55,yes,yes,yes,yes,yes,yes,,
/mosh-vs-dense,src/app/mosh-vs-dense/page.tsx,server-prerendered,yes,no,1711,yes,Mosh,REFERAL55,yes,yes,yes,yes,yes,,,
/mosh-vs-pilot,src/app/mosh-vs-pilot/page.tsx,server-prerendered,yes,no,1364,yes,Mosh,REFERAL55,yes,yes,yes,yes,yes,,,
/moshhair,src/app/moshhair/page.tsx,server-prerendered,yes,no,2197,yes,Mosh,REFERAL55,yes,yes,yes,yes,no,yes,,
/moshy,src/app/moshy/page.tsx,server-prerendered,yes,no,1665,yes,Moshy,REFERRAL120,yes,yes,yes,yes,no,yes,,
/moshy-alternatives,src/app/moshy-alternatives/page.tsx,server-prerendered,yes,no,741,yes,Moshy,REFERRAL120,yes,yes,yes,yes,yes,,,
/moshy-eligibility,src/app/moshy-eligibility/page.tsx,server-prerendered,yes,no,660,no,,,,,yes,yes,no,,,
/moshy-review,src/app/moshy-review/page.tsx,server-prerendered,yes,no,895,yes,Moshy,REFERRAL120,yes,yes,yes,yes,yes,yes,,
/moshy-vs-gp,src/app/moshy-vs-gp/page.tsx,server-prerendered,yes,no,754,yes,Moshy,REFERRAL120,yes,yes,yes,yes,yes,,,
/moshy-vs-juniper,src/app/moshy-vs-juniper/page.tsx,server-prerendered,yes,no,962,yes,Moshy,REFERRAL120,yes,yes,yes,yes,yes,,,
/moshy-vs-pilot,src/app/moshy-vs-pilot/page.tsx,server-prerendered,yes,no,1477,yes,Moshy,REFERRAL120,yes,yes,yes,yes,yes,,,
/newsletter-platform-quiz,src/app/newsletter-platform-quiz/page.tsx,server-prerendered,yes,no,384,no,,,,,yes,yes,no,,,
/nsw-home-battery-rebate-2026,src/app/nsw-home-battery-rebate-2026/page.tsx,server-prerendered,no,no,1017,no,,,,,no,yes,yes,,,
/nutshell,src/app/nutshell/page.tsx,server-prerendered,yes,no,836,no,,,,,yes,yes,no,,,
/online-hair-loss-treatment-australia,src/app/online-hair-loss-treatment-australia/page.tsx,server-prerendered,no,no,1062,no,,,,,no,yes,yes,,,
/online-weight-loss-doctor-australia,src/app/online-weight-loss-doctor-australia/page.tsx,server-prerendered,yes,no,1506,no,,,,,yes,yes,no,,,
/online-weight-loss-programs-australia,src/app/online-weight-loss-programs-australia/page.tsx,server-prerendered,yes,no,609,no,,,,,yes,yes,no,,,
/outgrow,src/app/outgrow/page.tsx,server-prerendered,yes,no,821,no,,,,,yes,yes,no,,,
/pandadoc,src/app/pandadoc/page.tsx,server-prerendered,yes,no,793,no,,,,,yes,yes,no,,,
/partner-with-refer-labs,src/app/partner-with-refer-labs/page.tsx,server-prerendered,yes,no,1381,no,,,,,no,yes,no,,,
/pet-insurance,src/app/pet-insurance/page.tsx,server-prerendered,yes,no,1195,yes,Knose; PetsOnMe,referlab2mf; REFERLABS,yes,yes,yes,yes,yes,,,
/petsonme,src/app/petsonme/page.tsx,server-prerendered,yes,no,1143,yes,PetsOnMe,REFERLABS,yes,yes,yes,yes,yes,yes,,
/pipedrive,src/app/pipedrive/page.tsx,server-prerendered,yes,no,863,no,,,,,yes,yes,no,,,
/playbooks,src/app/playbooks/page.tsx,server-prerendered,no,yes,323,no,,,,,no,yes,no,,,
/portable-power-station-australia,src/app/portable-power-station-australia/page.tsx,server-prerendered,yes,no,1327,no,,,,,yes,yes,yes,,,
/portable-vs-installed-home-battery-australia,src/app/portable-vs-installed-home-battery-australia/page.tsx,server-prerendered,yes,no,952,no,,,,,yes,yes,yes,,,
/privacy,src/app/privacy/page.tsx,server-prerendered,yes,no,3220,no,,,,,no,yes,yes,,,
/receding-hairline-treatment-australia,src/app/receding-hairline-treatment-australia/page.tsx,server-prerendered,no,no,874,no,,,,,no,yes,yes,,,
/recurring-affiliate-programs,src/app/recurring-affiliate-programs/page.tsx,server-prerendered,yes,no,1074,no,,,,,no,yes,no,,,
/referral-partnerships,src/app/referral-partnerships/page.tsx,server-prerendered,no,yes,0,no,,,,,no,yes,no,,,under-300-words
/replyio,src/app/replyio/page.tsx,server-prerendered,yes,no,1663,no,,,,,yes,yes,no,,,
/roi-calculator,src/app/roi-calculator/page.tsx,client,no,yes,179,no,,,,,no,yes,no,,,under-300-words
/secured-vs-unsecured-business-loans,src/app/secured-vs-unsecured-business-loans/page.tsx,server-prerendered,no,no,494,no,,,,,no,yes,yes,,,
/security,src/app/security/page.tsx,server-prerendered,no,yes,475,no,,,,,no,yes,no,,,
/servicem8,src/app/servicem8/page.tsx,server-prerendered,no,yes,0,no,,,,,no,yes,no,,,under-300-words
/services,src/app/services/page.tsx,server-prerendered,no,no,386,no,,,,,no,yes,no,,,
/services/accountants,src/app/services/accountants/page.tsx,server-prerendered,no,yes,340,no,,,,,no,yes,no,,,
/services/affiliate-distribution,src/app/services/affiliate-distribution/page.tsx,server-prerendered,no,no,970,no,,,,,no,yes,no,,,
/services/apac-expansion,src/app/services/apac-expansion/page.tsx,server-prerendered,no,no,1029,no,,,,,no,yes,no,,,
/services/consultants-coaches,src/app/services/consultants-coaches/page.tsx,server-prerendered,no,yes,339,no,,,,,no,yes,no,,,
/services/financial-advisors,src/app/services/financial-advisors/page.tsx,server-prerendered,no,yes,346,no,,,,,no,yes,no,,,
/services/influencer-activation,src/app/services/influencer-activation/page.tsx,server-prerendered,no,yes,497,no,,,,,no,yes,no,,,
/services/insurance-brokers,src/app/services/insurance-brokers/page.tsx,server-prerendered,no,yes,331,no,,,,,no,yes,no,,,
/services/partner-activation,src/app/services/partner-activation/page.tsx,server-prerendered,no,yes,745,no,,,,,no,yes,no,,,
/services/product-distribution,src/app/services/product-distribution/page.tsx,server-prerendered,no,yes,829,no,,,,,no,yes,no,,,
/services/recruiters-staffing,src/app/services/recruiters-staffing/page.tsx,server-prerendered,no,yes,353,no,,,,,no,yes,no,,,
/services/referral-programs,src/app/services/referral-programs/page.tsx,server-prerendered,no,no,910,no,,,,,no,yes,no,,,
/shopify,src/app/shopify/page.tsx,server-prerendered,no,yes,0,no,,,,,no,yes,no,,,under-300-words
/shopify/checkout-extensibility,src/app/shopify/checkout-extensibility/page.tsx,server-prerendered,no,yes,0,no,,,,,no,yes,no,,,under-300-words
/skin-and-beauty,src/app/skin-and-beauty/page.tsx,server-prerendered,yes,no,826,no,,,,,yes,yes,no,,,
/skin-and-beauty/acne-treatment-options-and-costs-australia,src/app/skin-and-beauty/acne-treatment-options-and-costs-australia/page.tsx,server-prerendered,yes,no,1033,no,,,,,yes,yes,yes,,,
/skin-and-beauty/anti-ageing-treatments-what-they-cost,src/app/skin-and-beauty/anti-ageing-treatments-what-they-cost/page.tsx,server-prerendered,yes,no,1042,no,,,,,yes,yes,yes,,,
/skin-and-beauty/best-value-skincare-australia-cost-per-use,src/app/skin-and-beauty/best-value-skincare-australia-cost-per-use/page.tsx,server-prerendered,yes,no,1028,no,,,,,yes,yes,yes,,,
/skin-and-beauty/foreo-luna-vs-ufo,src/app/skin-and-beauty/foreo-luna-vs-ufo/page.tsx,server-prerendered,yes,no,1715,no,,,,,yes,yes,no,,,
/skin-and-beauty/led-face-mask-comparison-australia,src/app/skin-and-beauty/led-face-mask-comparison-australia/page.tsx,server-prerendered,yes,no,1053,no,,,,,yes,yes,yes,,,
/skin-and-beauty/natural-skincare-australia,src/app/skin-and-beauty/natural-skincare-australia/page.tsx,server-prerendered,yes,no,1328,no,,,,,yes,yes,no,,,
/skin-and-beauty/retinol-vs-prescription-strength-australia,src/app/skin-and-beauty/retinol-vs-prescription-strength-australia/page.tsx,server-prerendered,yes,no,1024,no,,,,,yes,yes,yes,,,
/skin-and-beauty/skincare-quiz,src/app/skin-and-beauty/skincare-quiz/page.tsx,server-prerendered,yes,no,389,no,,,,,yes,yes,no,,,
/sleep,src/app/sleep/page.tsx,server-prerendered,yes,no,620,no,,,,,no,yes,no,,,
/sleep/cpap-machine-costs-australia,src/app/sleep/cpap-machine-costs-australia/page.tsx,server-prerendered,yes,no,928,no,,,,,no,yes,yes,,,
/sleep/do-i-have-sleep-apnoea,src/app/sleep/do-i-have-sleep-apnoea/page.tsx,server-prerendered,yes,no,1092,no,,,,,no,yes,yes,,,
/sleep/home-sleep-test-australia-cost,src/app/sleep/home-sleep-test-australia-cost/page.tsx,server-prerendered,yes,no,927,no,,,,,no,yes,yes,,,
/sleep/how-much-does-good-sleep-cost,src/app/sleep/how-much-does-good-sleep-cost/page.tsx,server-prerendered,yes,no,992,no,,,,,no,yes,yes,,,
/sleep/mattress-comparison-australia,src/app/sleep/mattress-comparison-australia/page.tsx,server-prerendered,yes,no,953,no,,,,,no,yes,yes,,,
/sleep/sleep-tracker-comparison-australia,src/app/sleep/sleep-tracker-comparison-australia/page.tsx,server-prerendered,yes,no,932,no,,,,,no,yes,yes,,,
/small-business-loans-australia,src/app/small-business-loans-australia/page.tsx,server-prerendered,no,no,591,no,,,,,no,yes,yes,,,
/solar-and-battery-package-australia,src/app/solar-and-battery-package-australia/page.tsx,server-prerendered,no,no,1025,no,,,,,no,yes,yes,,,
/solar-and-energy,src/app/solar-and-energy/page.tsx,server-prerendered,yes,no,1026,no,,,,,yes,yes,yes,,,
/square,src/app/square/page.tsx,server-prerendered,no,yes,0,no,,,,,no,yes,no,,,under-300-words
/squarespace,src/app/squarespace/page.tsx,server-prerendered,no,yes,0,no,,,,,no,yes,no,,,under-300-words
/startup-business-loans-australia,src/app/startup-business-loans-australia/page.tsx,server-prerendered,no,no,647,no,,,,,no,yes,yes,,,
/status,src/app/status/page.tsx,server-prerendered,no,yes,0,no,,,,,no,yes,no,,,under-300-words
/stripe,src/app/stripe/page.tsx,server-prerendered,no,yes,0,no,,,,,no,yes,no,,,under-300-words
/superfiliate,src/app/superfiliate/page.tsx,server-prerendered,yes,no,1142,no,,,,,yes,yes,no,,,
/survicate,src/app/survicate/page.tsx,server-prerendered,yes,no,716,no,,,,,yes,yes,no,,,
/swipepages,src/app/swipepages/page.tsx,server-prerendered,yes,no,2092,no,,,,,yes,yes,no,,,
/terms,src/app/terms/page.tsx,server-prerendered,yes,no,4096,no,,,,,yes,yes,yes,,,
/tesla-powerwall-alternatives-australia,src/app/tesla-powerwall-alternatives-australia/page.tsx,server-prerendered,no,no,971,no,,,,,no,yes,yes,,,
/trainual,src/app/trainual/page.tsx,server-prerendered,yes,no,743,no,,,,,yes,yes,no,,,
/true-cost-of-business-loans-australia,src/app/true-cost-of-business-loans-australia/page.tsx,server-prerendered,no,no,1081,no,,,,,no,yes,no,,,
/unbounce,src/app/unbounce/page.tsx,server-prerendered,yes,no,1103,no,,,,,yes,yes,no,,,
/unsecured-business-loans-australia,src/app/unsecured-business-loans-australia/page.tsx,server-prerendered,no,no,631,no,,,,,no,yes,yes,,,
/virtual-power-plant-australia,src/app/virtual-power-plant-australia/page.tsx,server-prerendered,yes,no,1473,no,,,,,yes,yes,no,,,
/webflow,src/app/webflow/page.tsx,server-prerendered,no,yes,0,no,,,,,no,yes,no,,,under-300-words
/website-builder-quiz,src/app/website-builder-quiz/page.tsx,server-prerendered,yes,no,411,no,,,,,yes,yes,no,,,
/weight-loss,src/app/weight-loss/page.tsx,server-prerendered,yes,no,1648,yes,Moshy,REFERRAL120,yes,yes,yes,yes,no,,,
/weight-loss-cost-calculator,src/app/weight-loss-cost-calculator/page.tsx,server-prerendered,yes,no,759,no,,,,,yes,yes,no,,,
/weight-loss-guide,src/app/weight-loss-guide/page.tsx,server-prerendered,no,yes,227,no,,,,,yes,yes,no,,,under-300-words
/weight-loss-quiz,src/app/weight-loss-quiz/page.tsx,server-prerendered,yes,no,476,no,,,,,yes,yes,no,,,
/weight-loss-telehealth-cost-australia,src/app/weight-loss-telehealth-cost-australia/page.tsx,server-prerendered,yes,no,1644,no,,,,,yes,yes,yes,,,
/weight-loss-telehealth-men-australia,src/app/weight-loss-telehealth-men-australia/page.tsx,server-prerendered,yes,no,618,no,,,,,yes,yes,no,,,
/weight-loss-telehealth-women-australia,src/app/weight-loss-telehealth-women-australia/page.tsx,server-prerendered,yes,no,1032,yes,Moshy,REFERRAL120,yes,yes,yes,yes,yes,,,
/weight-loss-treatment-eligibility-australia,src/app/weight-loss-treatment-eligibility-australia/page.tsx,server-prerendered,yes,no,854,no,,,,,yes,yes,no,,,
/what-a-business-loan-actually-costs,src/app/what-a-business-loan-actually-costs/page.tsx,server-prerendered,no,no,678,no,,,,,no,yes,no,,,
/what-pet-insurance-covers-australia,src/app/what-pet-insurance-covers-australia/page.tsx,server-prerendered,yes,no,1040,yes,Knose; PetsOnMe,referlab2mf; REFERLABS,yes,yes,yes,yes,yes,,,
/what-size-home-battery-do-i-need-australia,src/app/what-size-home-battery-do-i-need-australia/page.tsx,server-prerendered,no,no,1026,no,,,,,no,yes,yes,,,
/who-its-for,src/app/who-its-for/page.tsx,server-prerendered,no,yes,607,no,,,,,no,yes,no,,,
/who-its-for/access-to-capital,src/app/who-its-for/access-to-capital/page.tsx,server-prerendered,no,yes,92,no,,,,,no,yes,no,,,under-300-words
/who-its-for/financial-tools,src/app/who-its-for/financial-tools/page.tsx,server-prerendered,no,yes,96,no,,,,,no,yes,no,,,under-300-words
/who-its-for/global-investments,src/app/who-its-for/global-investments/page.tsx,server-prerendered,no,yes,99,no,,,,,no,yes,no,,,under-300-words
/who-its-for/niche-opportunities,src/app/who-its-for/niche-opportunities/page.tsx,server-prerendered,no,yes,116,no,,,,,no,yes,no,,,under-300-words
/who-underwrites-pet-insurance-australia,src/app/who-underwrites-pet-insurance-australia/page.tsx,server-prerendered,yes,no,1508,yes,Knose; PetsOnMe,referlab2mf; REFERLABS,yes,yes,yes,yes,yes,,,
/wing-assistant,src/app/wing-assistant/page.tsx,server-prerendered,yes,no,751,no,,,,,yes,yes,no,,,
/wix,src/app/wix/page.tsx,server-prerendered,no,yes,0,no,,,,,no,yes,no,,,under-300-words
/wordpress,src/app/wordpress/page.tsx,server-prerendered,no,yes,0,no,,,,,no,yes,no,,,under-300-words
/working-capital-loans-australia,src/app/working-capital-loans-australia/page.tsx,server-prerendered,no,no,603,no,,,,,no,yes,yes,,,
/zapier,src/app/zapier/page.tsx,server-prerendered,no,yes,0,no,,,,,no,yes,no,,,under-300-words
